<?xml version="1.0" encoding="UTF-8"?>
<project xsi:schemaLocation="http://maven.apache.org/POM/4.0.0 https://maven.apache.org/xsd/maven-4.0.0.xsd" xmlns="http://maven.apache.org/POM/4.0.0"
    xmlns:xsi="http://www.w3.org/2001/XMLSchema-instance">
  <modelVersion>4.0.0</modelVersion>
  <groupId>com.iam.cvAnyWhere</groupId>
  <artifactId>cvanywhere</artifactId>
  <version>1.0-SNAPSHOT</version>
  <name>cvAnyWhere</name>
  <properties>
    <maven.compiler.release>11</maven.compiler.release>
    <attach.version>4.0.19</attach.version>
    <gluonfx.plugin.version>1.0.22</gluonfx.plugin.version>
    <project.build.sourceEncoding>UTF-8</project.build.sourceEncoding>
    <javafx.version>21</javafx.version>
    <mainClassName>com.iam.cvAnyWhere.run</mainClassName>
    <javafx.plugin.version>0.0.8</javafx.plugin.version>
  </properties>
  <dependencies>
    <dependency>
      <groupId>org.openjfx</groupId>
      <artifactId>javafx-controls</artifactId>
      <version>${javafx.version}</version>
    </dependency>
    <dependency>
      <groupId>org.openjfx</groupId>
      <artifactId>javafx-fxml</artifactId>
      <version>${javafx.version}</version>
    </dependency>
    <dependency>
      <groupId>junit</groupId>
      <artifactId>junit</artifactId>
      <version>4.13.2</version>
      <scope>test</scope>
    </dependency>
    <dependency>
      <groupId>org.slf4j</groupId>
      <artifactId>slf4j-api</artifactId>
      <version>2.0.7</version>
    </dependency>
    <dependency>
      <groupId>ch.qos.logback</groupId>
      <artifactId>logback-classic</artifactId>
      <version>1.4.12</version>
    </dependency>
    <dependency>
      <groupId>ch.qos.logback</groupId>
      <artifactId>logback-core</artifactId>
      <version>1.4.12</version>
    </dependency>
    <dependency>
      <groupId>io.vertx</groupId>
      <artifactId>vertx-core</artifactId>
      <version>4.5.3</version>
    </dependency>
    <dependency>
      <groupId>com.fasterxml.jackson.core</groupId>
      <artifactId>jackson-core</artifactId>
      <version>2.16.1</version>
    </dependency>
  </dependencies>
  <build>
    <plugins>
      <plugin>
        <artifactId>maven-compiler-plugin</artifactId>
        <version>3.8.1</version>
      </plugin>
      <plugin>
        <groupId>org.openjfx</groupId>
        <artifactId>javafx-maven-plugin</artifactId>
        <version>${javafx.plugin.version}</version>
        <configuration>
          <mainClass>${mainClassName}</mainClass>
        </configuration>
      </plugin>
      <plugin>
        <groupId>com.gluonhq</groupId>
        <artifactId>gluonfx-maven-plugin</artifactId>
        <version>${gluonfx.plugin.version}</version>
        <configuration>
          <attachList>
            <list>display</list>
            <list>lifecycle</list>
            <list>statusbar</list>
            <list>storage</list>
          </attachList>
          <reflectionList>
            <list>com.iam.cvAnyWhere.views.MainPresenter</list>
            <list>com.iam.cvAnyWhere.views.SettingsPresenter</list>
          </reflectionList>
          <nativeImageArgs>
            <arg>--initialize-at-build-time=ch.qos.logback</arg>
          </nativeImageArgs>
          <mainClass>${mainClassName}</mainClass>
        </configuration>
      </plugin>
    </plugins>
  </build>
  <profiles>
    <profile>
      <id>ios</id>
      <properties>
        <gluonfx.target>ios</gluonfx.target>
      </properties>
    </profile>
    <profile>
      <id>android</id>
      <properties>
        <gluonfx.target>android</gluonfx.target>
      </properties>
    </profile>
  </profiles>
</project>
