[
{
  "name":"ch.qos.logback.classic.encoder.PatternLayoutEncoder",
  "queryAllPublicMethods":true,
  "methods":[{"name":"<init>","parameterTypes":[] }]
},
{
  "name":"ch.qos.logback.classic.joran.SerializedModelConfigurator",
  "methods":[{"name":"<init>","parameterTypes":[] }]
},
{
  "name":"ch.qos.logback.classic.pattern.DateConverter",
  "methods":[{"name":"<init>","parameterTypes":[] }]
},
{
  "name":"ch.qos.logback.classic.pattern.LevelConverter",
  "methods":[{"name":"<init>","parameterTypes":[] }]
},
{
  "name":"ch.qos.logback.classic.pattern.LineSeparatorConverter",
  "methods":[{"name":"<init>","parameterTypes":[] }]
},
{
  "name":"ch.qos.logback.classic.pattern.LoggerConverter",
  "methods":[{"name":"<init>","parameterTypes":[] }]
},
{
  "name":"ch.qos.logback.classic.pattern.MessageConverter",
  "methods":[{"name":"<init>","parameterTypes":[] }]
},
{
  "name":"ch.qos.logback.classic.pattern.ThreadConverter",
  "methods":[{"name":"<init>","parameterTypes":[] }]
},
{
  "name":"ch.qos.logback.classic.pattern.color.HighlightingCompositeConverter",
  "methods":[{"name":"<init>","parameterTypes":[] }]
},
{
  "name":"ch.qos.logback.classic.util.DefaultJoranConfigurator",
  "methods":[{"name":"<init>","parameterTypes":[] }]
},
{
  "name":"ch.qos.logback.core.ConsoleAppender",
  "queryAllPublicMethods":true,
  "methods":[{"name":"<init>","parameterTypes":[] }]
},
{
  "name":"ch.qos.logback.core.OutputStreamAppender",
  "methods":[{"name":"setEncoder","parameterTypes":["ch.qos.logback.core.encoder.Encoder"] }]
},
{
  "name":"ch.qos.logback.core.encoder.LayoutWrappingEncoder",
  "methods":[
    {"name":"setCharset","parameterTypes":["java.nio.charset.Charset"] }, 
    {"name":"setParent","parameterTypes":["ch.qos.logback.core.spi.ContextAware"] }
  ]
},
{
  "name":"ch.qos.logback.core.pattern.PatternLayoutEncoderBase",
  "methods":[{"name":"setPattern","parameterTypes":["java.lang.String"] }]
},
{
  "name":"ch.qos.logback.core.rolling.RollingFileAppender",
  "queryAllPublicMethods":true,
  "methods":[
    {"name":"<init>","parameterTypes":[] }, 
    {"name":"setFile","parameterTypes":["java.lang.String"] }, 
    {"name":"setRollingPolicy","parameterTypes":["ch.qos.logback.core.rolling.RollingPolicy"] }
  ]
},
{
  "name":"ch.qos.logback.core.rolling.RollingPolicyBase",
  "methods":[
    {"name":"setFileNamePattern","parameterTypes":["java.lang.String"] }, 
    {"name":"setParent","parameterTypes":["ch.qos.logback.core.FileAppender"] }
  ]
},
{
  "name":"ch.qos.logback.core.rolling.TimeBasedRollingPolicy",
  "queryAllPublicMethods":true,
  "methods":[
    {"name":"<init>","parameterTypes":[] }, 
    {"name":"setMaxHistory","parameterTypes":["int"] }
  ]
},
{
  "name":"ch.qos.logback.core.rolling.helper.DateTokenConverter",
  "methods":[{"name":"<init>","parameterTypes":[] }]
},
{
  "name":"com.iam.cvAnyWhere.controller.MainController",
  "allDeclaredFields":true,
  "queryAllDeclaredMethods":true,
  "methods":[
    {"name":"<init>","parameterTypes":[] }, 
    {"name":"testOnActon","parameterTypes":["javafx.event.ActionEvent"] }
  ]
},
{
  "name":"com.iam.cvAnyWhere.cvAnyWhereApp",
  "methods":[{"name":"<init>","parameterTypes":[] }]
},
{
  "name":"com.sun.javafx.font.freetype.FTFactory",
  "methods":[{"name":"getFactory","parameterTypes":[] }]
},
{
  "name":"com.sun.javafx.logging.PrintLogger",
  "methods":[{"name":"createInstance","parameterTypes":[] }]
},
{
  "name":"com.sun.javafx.logging.jfr.JFRPulseLogger",
  "methods":[{"name":"createInstance","parameterTypes":[] }]
},
{
  "name":"com.sun.javafx.reflect.Trampoline",
  "methods":[{"name":"invoke","parameterTypes":["java.lang.reflect.Method","java.lang.Object","java.lang.Object[]"] }]
},
{
  "name":"com.sun.javafx.scene.control.skin.Utils",
  "methods":[{"name":"getResource","parameterTypes":["java.lang.String"] }]
},
{
  "name":"com.sun.javafx.tk.quantum.QuantumToolkit",
  "methods":[{"name":"<init>","parameterTypes":[] }]
},
{
  "name":"com.sun.org.apache.xerces.internal.jaxp.SAXParserFactoryImpl",
  "methods":[{"name":"<init>","parameterTypes":[] }]
},
{
  "name":"com.sun.prism.GraphicsPipeline",
  "methods":[
    {"name":"getFontFactory","parameterTypes":[] }, 
    {"name":"getPipeline","parameterTypes":[] }
  ]
},
{
  "name":"com.sun.prism.sw.SWPipeline",
  "methods":[{"name":"getInstance","parameterTypes":[] }]
},
{
  "name":"com.sun.xml.internal.stream.XMLInputFactoryImpl",
  "methods":[{"name":"<init>","parameterTypes":[] }]
},
{
  "name":"java.io.FilePermission"
},
{
  "name":"java.lang.Boolean",
  "queriedMethods":[{"name":"valueOf","parameterTypes":["java.lang.String"] }]
},
{
  "name":"java.lang.Byte",
  "queriedMethods":[{"name":"valueOf","parameterTypes":["java.lang.String"] }]
},
{
  "name":"java.lang.Character",
  "methods":[{"name":"isIdeographic","parameterTypes":["int"] }]
},
{
  "name":"java.lang.Class",
  "methods":[{"name":"getModule","parameterTypes":[] }]
},
{
  "name":"java.lang.Double",
  "queriedMethods":[{"name":"valueOf","parameterTypes":["java.lang.String"] }]
},
{
  "name":"java.lang.Float",
  "queriedMethods":[{"name":"valueOf","parameterTypes":["java.lang.String"] }]
},
{
  "name":"java.lang.Integer",
  "queriedMethods":[{"name":"valueOf","parameterTypes":["java.lang.String"] }]
},
{
  "name":"java.lang.Long",
  "queriedMethods":[{"name":"valueOf","parameterTypes":["java.lang.String"] }]
},
{
  "name":"java.lang.Module",
  "queriedMethods":[{"name":"getResourceAsStream","parameterTypes":["java.lang.String"] }]
},
{
  "name":"java.lang.RuntimePermission"
},
{
  "name":"java.lang.Short",
  "queriedMethods":[{"name":"valueOf","parameterTypes":["java.lang.String"] }]
},
{
  "name":"java.lang.System",
  "methods":[{"name":"getSecurityManager","parameterTypes":[] }]
},
{
  "name":"java.lang.management.ManagementFactory",
  "methods":[{"name":"getRuntimeMXBean","parameterTypes":[] }]
},
{
  "name":"java.lang.management.RuntimeMXBean",
  "methods":[{"name":"getUptime","parameterTypes":[] }]
},
{
  "name":"java.net.NetPermission"
},
{
  "name":"java.net.SocketPermission"
},
{
  "name":"java.net.URLPermission",
  "methods":[{"name":"<init>","parameterTypes":["java.lang.String","java.lang.String"] }]
},
{
  "name":"java.nio.ByteBuffer",
  "methods":[{"name":"order","parameterTypes":["java.nio.ByteOrder"] }]
},
{
  "name":"java.nio.ByteOrder",
  "methods":[{"name":"nativeOrder","parameterTypes":[] }]
},
{
  "name":"java.security.AccessController",
  "methods":[{"name":"doPrivileged","parameterTypes":["java.security.PrivilegedAction"] }]
},
{
  "name":"java.security.AllPermission"
},
{
  "name":"java.security.SecureRandomParameters"
},
{
  "name":"java.security.SecurityPermission"
},
{
  "name":"java.util.PropertyPermission"
},
{
  "name":"javafx.fxml.FXMLLoader"
},
{
  "name":"javafx.scene.Camera"
},
{
  "name":"javafx.scene.Node",
  "queryAllDeclaredMethods":true,
  "methods":[
    {"name":"getId","parameterTypes":[] }, 
    {"name":"setId","parameterTypes":["java.lang.String"] }, 
    {"name":"setLayoutX","parameterTypes":["double"] }, 
    {"name":"setLayoutY","parameterTypes":["double"] }
  ]
},
{
  "name":"javafx.scene.ParallelCamera"
},
{
  "name":"javafx.scene.Parent",
  "queryAllDeclaredMethods":true
},
{
  "name":"javafx.scene.Scene"
},
{
  "name":"javafx.scene.control.Button",
  "queryAllDeclaredMethods":true,
  "queryAllPublicConstructors":true,
  "methods":[{"name":"<init>","parameterTypes":[] }]
},
{
  "name":"javafx.scene.control.ButtonBase",
  "queryAllDeclaredMethods":true,
  "methods":[{"name":"setOnAction","parameterTypes":["javafx.event.EventHandler"] }]
},
{
  "name":"javafx.scene.control.Control",
  "queryAllDeclaredMethods":true
},
{
  "name":"javafx.scene.control.Labeled",
  "queryAllDeclaredMethods":true,
  "methods":[
    {"name":"setMnemonicParsing","parameterTypes":["boolean"] }, 
    {"name":"setText","parameterTypes":["java.lang.String"] }
  ]
},
{
  "name":"javafx.scene.image.Image"
},
{
  "name":"javafx.scene.layout.AnchorPane",
  "queryAllDeclaredMethods":true,
  "queryAllPublicConstructors":true,
  "methods":[{"name":"<init>","parameterTypes":[] }]
},
{
  "name":"javafx.scene.layout.Pane",
  "queryAllDeclaredMethods":true,
  "methods":[{"name":"getChildren","parameterTypes":[] }]
},
{
  "name":"javafx.scene.layout.Region",
  "queryAllDeclaredMethods":true,
  "methods":[
    {"name":"setPrefHeight","parameterTypes":["double"] }, 
    {"name":"setPrefWidth","parameterTypes":["double"] }
  ]
},
{
  "name":"javafx.scene.shape.Shape"
},
{
  "name":"javafx.scene.text.Font"
},
{
  "name":"javafx.scene.text.Text"
},
{
  "name":"javafx.scene.transform.Transform"
},
{
  "name":"javafx.stage.Stage"
},
{
  "name":"javafx.stage.Window"
},
{
  "name":"org.eclipse.jetty.util.TypeUtil",
  "methods":[
    {"name":"getClassLoaderLocation","parameterTypes":["java.lang.Class"] }, 
    {"name":"getCodeSourceLocation","parameterTypes":["java.lang.Class"] }, 
    {"name":"getModuleLocation","parameterTypes":["java.lang.Class"] }, 
    {"name":"getSystemClassLoaderLocation","parameterTypes":["java.lang.Class"] }
  ]
},
{
  "name":"org.eclipse.jetty.websocket.server.JettyWebSocketServlet"
},
{
  "name":"org.slf4j.spi.SLF4JServiceProvider"
},
{
  "name":"sun.misc.Unsafe",
  "fields":[{"name":"theUnsafe"}]
},
{
  "name":"sun.security.provider.MD5",
  "methods":[{"name":"<init>","parameterTypes":[] }]
},
{
  "name":"sun.security.provider.NativePRNG",
  "methods":[{"name":"<init>","parameterTypes":[] }]
}
]
