{
  "resources":{
  "includes":[
    {
      "pattern":"\\QMETA-INF/maven/io.javalin/javalin/pom.properties\\E"
    }, 
    {
      "pattern":"\\QMETA-INF/services/org.eclipse.jetty.http.HttpFieldPreEncoder\\E"
    }, 
    {
      "pattern":"\\QMETA-INF/services/org.eclipse.jetty.websocket.core.Extension\\E"
    }, 
    {
      "pattern":"\\QMETA-INF/services/org.slf4j.spi.SLF4JServiceProvider\\E"
    }, 
    {
      "pattern":"\\Qcom/iam/cvAnyWhere/main.fxml\\E"
    }, 
    {
      "pattern":"\\Qlogback.xml\\E"
    }, 
    {
      "pattern":"\\Qorg/eclipse/jetty/http/encoding.properties\\E"
    }, 
    {
      "pattern":"\\Qorg/eclipse/jetty/http/mime.properties\\E"
    }, 
    {
      "pattern":"\\Qorg/eclipse/jetty/version/build.properties\\E"
    }
  ]},
  "bundles":[
    {
      "name":"com.iam.cvAnyWhere.language",
      "locales":["zh-CN"]
    }, 
    {
      "name":"com.sun.javafx.tk.quantum.QuantumMessagesBundle",
      "locales":[
        "", 
        "zh-CN"
      ]
    }, 
    {
      "name":"jakarta.servlet.LocalStrings",
      "locales":[""]
    }, 
    {
      "name":"jakarta.servlet.http.LocalStrings",
      "locales":[""]
    }
  ]
}
